SMILES,Vina Score,Molecular Weight,verdict,failures
C[C@@H]1COc2c(F)c(F)cc3c(=O)c(C(=O)N4CC(n5nc(-c6cccc(F)c6)ccc5=O)C4)cn1c23,-12.45,508.4560000000002,PASS,
C[C@H]1COc2c(F)c(F)cc3c(=O)c(C(=O)N4CCN(c5ncnc6c5nnn6-c5cccc(F)c5)CC4)cn1c23,-12.32,562.5120000000001,PASS,
C[C@H]1COc2c(F)c(F)cc3c(=O)c(C(=O)N4CCN(Cc5nnnn5-c5cccc(F)c5)CC4)cn1c23,-12.03,525.4910000000002,PASS,
CC(=O)N1CCN(c2cc(N3CC(=O)N4CC(C)(C)c5ccccc5[C@@H]4C3)nc(-c3cccnc3)n2)CC1,-12.02,511.6300000000003,PASS,
Cc1ccnc(N=c2ccc(N3CCN(C(=O)c4cn5c6c(c(F)c(F)cc6c4=O)OC[C@@H]5C)CC3)n[nH]2)c1,-12.0,533.5390000000003,PASS,
CC(=O)N1CCN(c2cc(N3CCNC(=O)[C@H]3c3cn(C)c4ccccc34)nc(-c3ccc(F)cc3)n2)CC1,-11.76,527.6040000000002,PASS,
C[C@@H]1COc2c(F)c(F)cc3c(=O)c(C(=O)N4CCN(c5ccnc(N6CCCCC6)n5)CC4)cn1c23,-11.64,510.5450000000004,PASS,
C=CC(=O)N1CCN(c2nc(N3CC(N(C)C)C3)nc3c2C[C@@H](C)[C@H](c2c(Cl)ccc4n[nH]cc24)C3)CC1,-11.53,535.0960000000001,PASS,
O=C([C@H]1CC(=O)N(c2ccccc2F)C1)N1CCN(C(=O)[C@@H]2CC(=O)N(c3cccc(C(F)(F)F)c3)C2)CC1,-11.52,546.521,PASS,
CN1CCN(c2ccc(N3CCN(C(=O)[C@@H]4CCCN4S(=O)(=O)c4c(Cl)cccc4Cl)CC3)nn2)CC1,-11.49,568.531,PASS,
Cc1ccc(F)cc1C(=O)N1CCN(c2nc3nccc(-c4ccc(N5CCOCC5)cc4)n3n2)CC1,-11.49,501.5660000000004,PASS,
Cc1cc(C)n(-c2ccc(N3CCN(C(=O)c4cn5c6c(c(F)c(F)cc6c4=O)OC[C@@H]5C)CC3)nn2)n1,-11.49,521.5280000000002,PASS,
CC(C)(C)c1nc(N2CCN(c3ncccn3)CC2)cc(N2CC(=O)N3CCc4c(F)cccc4[C@@H]3C2)n1,-11.41,516.6250000000003,PASS,
CC(=O)NS(=O)(=O)c1ccc(Nc2cc(N3CC(=O)N4CCc5c(F)cccc5[C@H]4C3)nc(C(C)C)n2)cc1,-11.39,552.6320000000003,PASS,
Cc1cc(C)n(-c2cc(N3CCN(C(=O)[C@@H]4CCCN4S(=O)(=O)c4c(Cl)cccc4Cl)CC3)nc(C)n2)n1,-11.34,578.526,PASS,
Cn1ncc2c(N3CCN(C(=O)C4CCN(S(=O)(=O)c5ccc6ccccc6c5)CC4)CC3)ncnc21,-11.33,519.6310000000003,PASS,
Cc1ccn(-c2ccc(N3CCN(C(=O)c4cn5c6c(c(F)c(F)cc6c4=O)OC[C@@H]5C)CC3)nn2)n1,-11.33,507.50100000000026,PASS,
Cc1cccc(S(=O)(=O)N2CCC[C@H]2C(=O)N2CCC(Cn3c(C)nc4cc(F)ccc4c3=O)CC2)c1,-11.32,526.6340000000004,PASS,
C[C@@H]1COc2c(F)c(F)cc3c(=O)c(C(=O)N4CCN(c5ncnc6c5nnn6Cc5ccccc5)CC4)cn1c23,-11.31,558.5490000000001,PASS,
O=C([C@H]1CC(=O)N(c2ccc3cc[nH]c3c2)C1)N1CCN(C(=O)[C@@H]2CC(=O)N(c3ccccc3F)C2)CC1,-11.29,517.5610000000003,PASS,
O=C(c1c(F)cccc1F)N1CCN(c2nc3nccc(-c4ccc(N5CCOCC5)cc4)n3n2)CC1,-11.27,505.52900000000034,PASS,
O=C([C@H]1CC(=O)N(c2cccc3ccccc23)C1)N1CCN(C(=O)[C@@H]2CC(=O)N(c3ccccc3F)C2)CC1,-11.26,528.5840000000003,PASS,
Cc1nc(N2CCN(C(=O)c3cn4c5c(c(F)c(F)cc5c3=O)OC[C@H]4C)CC2)cc(-n2cccn2)n1,-11.25,507.5010000000003,PASS,
C[C@@H]1COc2c(F)c(F)cc3c(=O)c(C(=O)N4CCN(c5cncc(-c6ccnn6C)n5)CC4)cn1c23,-11.24,507.50100000000026,PASS,
O=C([C@H]1CC(=O)N(c2ccccc2F)C1)N1CCN(C(=O)[C@@H]2CC(=O)N(c3ccc(F)c(F)c3)C2)CC1,-11.23,514.5040000000002,PASS,
Cn1c(C(=O)N2CCN(c3ncccn3)CC2)cc2c(N3CCN(c4ccc(F)cc4)CC3)ncnc21,-11.22,501.57000000000033,PASS,
O=C(C1CCN(S(=O)(=O)c2cc(F)ccc2F)CC1)N1CCN(S(=O)(=O)c2c(F)cccc2F)CC1,-11.2,549.5680000000002,PASS,
C[C@@H]1COc2c(F)c(F)cc3c(=O)c(C(=O)N4CCN(c5cncc(N6CCCC6=O)n5)CC4)cn1c23,-11.2,510.5010000000004,PASS,
COc1cccc(N2C[C@H](C(=O)N3CCN(C(=O)[C@@H]4CC(=O)N(c5ccc(F)c(F)c5)C4)CC3)CC2=O)c1,-11.2,526.5400000000003,PASS,
C[C@@H]1CCCCN1c1ccc(N2CCN(C(=O)c3cn4c5c(c(F)c(F)cc5c3=O)OC[C@H]4C)CC2)nn1,-11.15,524.5720000000003,PASS,
CCCc1nc(N2CCN(c3ncccn3)CC2)cc(N2CC(=O)N3CCc4c(F)cccc4[C@H]3C2)n1,-11.12,502.59800000000035,PASS,
Cc1nc(N2CCN(C(=O)c3cn4c5c(c(F)c(F)cc5c3=O)OC[C@@H]4C)CC2)cc(-n2cnc(C)c2C)n1,-11.1,535.5550000000003,PASS,
Cc1c(Cl)cccc1N1C[C@H](C(=O)N2CCN(C(=O)[C@@H]3CC(=O)N(c4ccccc4F)C3)CC2)CC1=O,-11.09,526.9960000000003,PASS,
Cn1c(C(=O)N2CCN(c3ccccc3F)CC2)cc2c(N3CCN(Cc4ccccc4)CC3)ncnc21,-11.09,513.6210000000003,PASS,
COc1cccc(-c2nc(N3CCN(C)CC3)cc(N3CCN(C(=O)c4cc5ccccc5[nH]4)CC3)n2)c1,-11.09,511.6300000000003,PASS,
COc1cccc(-n2nnc3c(N4CCN(C(=O)[C@@H]5CCCN5S(=O)(=O)c5c(Cl)cccc5Cl)CC4)ncnc32)c1,-11.08,617.519,PASS,
Cc1noc(C)c1S(=O)(=O)N1CCC(C(=O)N2CCc3c(nc4cc(-c5ccccc5Cl)[nH]n4c3=O)C2)CC1,-11.07,571.0590000000001,PASS,
COc1cccc(-n2nnc3c(N4CCN(C(=O)[C@@H]5CC(=O)N(c6ccccc6C)C5)CC4)ncnc32)c1,-11.06,512.5740000000003,PASS,
Cn1c(C(=O)N2CCN(c3ccccn3)CC2)cc2c(N3CCN(c4ccc(F)cc4)CC3)ncnc21,-11.04,500.58200000000033,PASS,
CC(=O)N1CCCc2cc(S(=O)(=O)N3CCC(C(=O)N4CCN(c5ccc(Cl)cc5)CC4)CC3)ccc21,-11.04,545.1050000000004,PASS,
CC(=O)N1CCN(c2cc(N3CC(=O)N4CCc5c(F)cccc5[C@H]4C3)nc(-c3ccccc3C)n2)CC1,-11.03,514.6050000000001,PASS,
Cc1cccc(N2C[C@@H](C(=O)N3CCN(C(=O)[C@@H]4CC(=O)N(c5ccccc5F)C4)CC3)CC2=O)c1C,-11.03,506.5780000000004,PASS,
CC(C)c1nc(N2CCN(c3ncccn3)CC2)cc(N2CC(=O)N3CCc4c(F)cccc4[C@@H]3C2)n1,-11.03,502.59800000000035,PASS,
Cc1c(C(=O)N2CCN(c3ncnc4c3nnn4-c3cccc(F)c3)CC2)nnn1-c1ccccc1F,-11.03,502.4890000000002,PASS,
C[C@H]1CCCCN1c1ccc(N2CCN(C(=O)[C@@H]3CCCN3S(=O)(=O)c3ccccc3F)CC2)nn1,-11.02,516.6430000000003,PASS,
O=C1CN(C(=O)CCC(=O)N2CCc3c(nc4cc(-c5ccccc5Cl)[nH]n4c3=O)C2)c2ccccc2N1,-11.01,530.9720000000002,PASS,
Cc1nc2ccccc2c(=O)n1CC1CCN(C(=O)[C@H]2CCCN2S(=O)(=O)c2cccc(F)c2)CC1,-11.01,512.6070000000002,PASS,
CC(=O)N1CCN(c2cc(N3CCN4CCc5c(Cl)cccc5[C@H]4C3)nc(-c3cccnc3)n2)CC1,-11.0,504.03800000000024,PASS,
CC(C)c1ccc(N2C[C@@H](C(=O)N3CCN(C(=O)[C@H]4CC(=O)N(c5ccc(F)cc5)C4)CC3)CC2=O)cc1,-11.0,520.6050000000004,PASS,
CC(=O)N[C@H](Cc1ccc(F)c(F)c1)C(=O)NC1CCN(S(=O)(=O)c2cccc3ccccc23)CC1,-11.0,515.5820000000002,PASS,
Cc1nc2ccc(C(=O)N[C@@H](Cc3ccc(O)cc3)C(=O)N3CC(=O)N4CCc5c(F)cccc5[C@@H]4C3)cc2nc1C,-10.99,567.6210000000002,PASS,
Cc1ccc(S(=O)(=O)c2nnn3c2nc(N2CCN(C(=O)c4ccco4)CC2)c2ccccc23)cc1C,-10.99,516.5830000000003,PASS,
Cc1nc(N2CCCC2)cc(N2CCN(C(=O)c3cn4c5c(c(F)c(F)cc5c3=O)OC[C@H]4C)CC2)n1,-10.98,510.5450000000003,PASS,
C[C@H](NC(=O)c1cc(S(=O)(=O)N2CCCCC2)ccc1Cl)C(=O)N1CCN2CCc3c(F)cccc3[C@@H]2C1,-10.98,563.0950000000001,PASS,
Cc1ccccc1CN1C[C@H](C(=O)N2CCN(C(=O)[C@@H]3CC(=O)N(c4ccccc4F)C3)CC2)CC1=O,-10.97,506.5780000000004,PASS,
Cn1c(=O)oc2cc(S(=O)(=O)N3CCC[C@@H](C(=O)N4CCc5c(nc6cc(-c7ccccc7)[nH]n6c5=O)C4)C3)ccc21,-10.97,588.6460000000001,PASS,
Cc1nc(N2CCOCC2)cc(N2CCN(C(=O)c3cc(-c4ccccc4Br)on3)CC2)n1,-10.97,513.3960000000002,PASS,
CC(=O)N1CCN(c2cc(N3CC(=O)N4CC(C)(C)c5ccccc5[C@H]4C3)nc(Cc3ccccc3)n2)CC1,-10.97,524.6690000000002,PASS,
Cc1c(C(N)=O)cc(C(=O)CN2CCN(S(=O)(=O)c3cccc4cccnc34)CC2)n1Cc1ccccc1F,-10.96,549.6280000000003,PASS,
Cc1cccc(N2C[C@@H](C(=O)N3CCN(c4ncnc5c4nnn5-c4ccc(F)cc4)CC3)CC2=O)c1,-10.95,500.5380000000003,PASS,
Cc1ccc(N2C[C@@H](C(=O)N3CCN(c4ncnc5c4nnn5-c4cccc(F)c4)CC3)CC2=O)cc1C,-10.94,514.5650000000003,PASS,
O=C([C@H]1CC(=O)N(c2cccc(Cl)c2)C1)N1CCN(C(=O)[C@@H]2CC(=O)N(c3ccccc3F)C2)CC1,-10.94,512.9690000000004,PASS,
CC[C@H](C(=O)N1CCN(c2nc(CN3CCN(c4ccccc4F)CC3)cc(=O)[nH]2)CC1)c1ccccc1,-10.94,518.6370000000003,PASS,
C=CC(=O)N1CCC(c2nc(Nc3ccc(N4CCC(N5CCN(C)CC5)CC4)c(C)c3)c(C(N)=O)nc2CC)CC1,-10.93,574.7740000000002,PASS,
CC1(C(=O)N2CCC[C@@H](c3nc(-c4ccc(C(=O)Nc5cc(C#N)ccn5)cc4F)c4c(N)nccn34)C2)COC1,-10.93,554.5860000000001,PASS,
Cc1ccccc1-c1ccc(N2CCC[C@H](C(=O)N3CCN(c4cc(N5CCOCC5)cnn4)CC3)C2)nn1,-10.92,528.6610000000004,PASS,
COc1cccc(-c2nc(N3CCC[C@H](CO)C3)cc(N3CC(=O)N4CCc5c(F)cccc5[C@H]4C3)n2)c1,-10.92,517.6050000000004,PASS,
Cc1nc2ncccc2c(=O)n1C1CN(C(=O)[C@@H]2CCCN2S(=O)(=O)c2c(Cl)cccc2Cl)C1,-10.91,522.4140000000002,PASS,
CCc1cccc(C)c1N1C[C@@H](C(=O)N2CCN(C(=O)[C@H]3CC(=O)N(c4ccccc4)C3)CC2)CC1=O,-10.91,502.61500000000035,PASS,
CC(=O)Nc1ccc(C)c(N2C[C@H](C(=O)N3CCN(C(=O)[C@@H]4CC(=O)N(c5ccccc5F)C4)CC3)CC2=O)c1,-10.9,549.6030000000003,PASS,
Cc1nc(Nc2ccc(S(=O)(=O)Nc3ncccn3)cc2)cc(N2CC(=O)N3CCc4c(F)cccc4[C@H]3C2)n1,-10.9,560.6150000000001,PASS,
CC(=O)N1CCCc2cc(S(=O)(=O)N3CCC(C(=O)N4CCN(c5ccccc5F)CC4)CC3)ccc21,-10.9,528.6500000000003,PASS,
Cc1cc(N2CCN(C(=O)c3cn4c5c(c(F)c(F)cc5c3=O)OC[C@H]4C)CC2)nc(N2CCCC2)n1,-10.89,510.54500000000047,PASS,
CC(=O)N1CCN(C(=O)c2ccc(C(=O)N3CCC(Cn4c(C)nc5cc(F)ccc5c4=O)CC3)cc2)CC1,-10.88,533.6040000000002,PASS,
Cc1ccccc1-c1ccc(N2CCC[C@H](C(=O)N3CCN(c4ccc(N5CCN(C)CC5)nn4)CC3)C2)nn1,-10.86,541.7040000000003,PASS,
COc1cccc(C(=O)N2CCN(c3nc(CN4CCN(c5ccccc5F)CC4)cc(=O)[nH]3)CC2)c1,-10.86,506.5820000000003,PASS,
Cc1ccc(N2C[C@@H](C(=O)N3CCN(C(=O)[C@H]4CC(=O)N(c5ccccc5F)C4)CC3)CC2=O)cc1Cl,-10.85,526.9960000000003,PASS,
O=C([C@@H]1CCCN1S(=O)(=O)c1c(Cl)cccc1Cl)N1CCN(c2ncnc3c2nnn3-c2ccc(F)cc2)CC1,-10.85,605.4830000000002,PASS,
Cc1ccc(N2C[C@H](C(=O)N3CCN(C(=O)[C@H]4CC(=O)N(c5ccc(F)cc5)C4)CC3)CC2=O)cc1F,-10.84,510.54100000000034,PASS,
COc1cccc(-c2nc(N3CCN(C(C)=O)CC3)cc(N3CC(=O)N4CCc5c(F)cccc5[C@H]4C3)n2)c1,-10.84,530.6040000000003,PASS,
CN(CC1CCN(C(=O)[C@@H]2CCCN2S(=O)(=O)c2c(Cl)cccc2Cl)CC1)c1ncnc2c1cnn2C,-10.84,566.5150000000002,PASS,
Cc1ccc(N2C[C@H](C(=O)N3CCN(C(=O)[C@H]4CC(=O)N(c5cccc(Cl)c5)C4)CC3)CC2=O)cc1F,-10.82,526.9960000000004,PASS,
Cc1ccccc1N1C[C@H](C(=O)N2CCN(c3ncnc4c3nnn4-c3ccc(F)cc3)CC2)CC1=O,-10.82,500.5380000000003,PASS,
CCc1cccc(C)c1N1C[C@@H](C(=O)Nc2nc(N3CCN(c4ccccc4F)CC3)nn2C)CC1=O,-10.81,505.5980000000003,PASS,
Cc1ccc(NC(=O)N2CCN(c3nc(CN4CCN(c5ccccc5F)CC4)cc(=O)[nH]3)CC2)cc1,-10.81,505.5980000000003,PASS,
O=C(NC[C@H]1CN(c2ccc3c(c2)OCO3)C(=O)O1)[C@@H]1CCCN1S(=O)(=O)c1c(Cl)cccc1Cl,-10.81,542.3970000000003,PASS,
Cc1cc(C)n(-c2cc(N3CCN(C(=O)[C@H]4CCCN4S(=O)(=O)c4c(Cl)cccc4Cl)CC3)ncn2)n1,-10.81,564.499,PASS,
C[C@@H]1COc2c(F)c(F)cc3c(=O)c(C(=O)N4CCN(c5ccnc(C(F)(F)F)c5)C(=O)C4)cn1c23,-10.8,508.4030000000002,PASS,
Cc1ccc2nc(N3CC(C(=O)N4CCN(c5ncnc6c5nnn6-c5cccc(F)c5)CC4)C3)sc2c1,-10.8,529.6050000000002,PASS,
O=C(c1ccccc1S(=O)(=O)C(F)F)N1CCN(c2ncnc3c2nnn3-c2cccc(F)c2)CC1,-10.79,517.4930000000002,PASS,
Cc1ncnc(N2CCN(C(=O)[C@@H]3CCCN3S(=O)(=O)c3cccc(C(F)(F)F)c3)CC2)c1F,-10.79,501.50600000000014,PASS,
CC(=O)N1CCN(c2cc(N3CC(=O)N4CCc5c(F)cccc5[C@@H]4C3)nc(-c3ccc(C)cc3)n2)CC1,-10.78,514.6050000000001,PASS,
C=CC(=O)N1CCN(c2nc(N3CC(N(C)C)C3)nc3c2C[C@@H](C)[C@H](c2c(Cl)c(C)cc4n[nH]cc24)C3)CC1,-10.78,549.123,PASS,
Cc1nc2cc(F)ccc2c(=O)n1CC1CCN(C(=O)[C@@H]2CCCN2S(=O)(=O)c2ccccc2F)CC1,-10.78,530.5970000000001,PASS,
Cc1noc(/C=C/c2ccc(F)cc2F)c1S(=O)(=O)N1CCC(C(=O)N2CCN(c3ncccn3)CC2)CC1,-10.78,558.611,PASS,
O=C([C@H]1CC(=O)N(c2ccc(F)c(Cl)c2)C1)N1CCc2c(nc3cc(-c4ccccc4)[nH]n3c2=O)C1,-10.77,505.9370000000003,PASS,
Cc1cc(N2CCN(C(=O)[C@@H]3CCCN3S(=O)(=O)c3c(Cl)cccc3Cl)CC2)nc(N2CCCC2)n1,-10.77,553.5160000000002,PASS,
O=S(=O)(c1ccccc1F)N1CCC[C@@H](c2nc(O)c3nnn(Cc4cccc(Cl)c4)c3n2)C1,-10.76,502.9590000000002,PASS,
O=C(c1ccccc1F)N1CCN(c2nc(CN3CCN(Cc4ccc(F)cc4)CC3)cc(=O)[nH]2)CC1,-10.75,508.5730000000003,PASS,
Cc1cccc(-n2ncc3c(=O)n4c(nc32)S[C@@H](CC(=O)N2CCN(C)C[C@H]2c2cccc(F)c2)C4)c1,-10.75,518.6180000000004,PASS,
COc1cccc(N2C[C@H](C(=O)N3CCN(C(=O)[C@@H]4CC(=O)N(c5ccc(C)c(F)c5)C4)CC3)CC2=O)c1,-10.74,522.5770000000005,PASS,
CC(C)Oc1ccc(N2C[C@H](C(=O)N3CCN(C(=O)[C@H]4CC(=O)N(c5ccccc5F)C4)CC3)CC2=O)cc1,-10.73,536.6040000000004,PASS,
Cc1ccc(C(=O)N[C@@H](Cc2ccc(O)cc2)C(=O)N2CC(=O)N3CCc4c(F)cccc4[C@@H]3C2)cc1C,-10.72,515.5850000000004,PASS,
Cc1nn(C)c(C)c1S(=O)(=O)N1CCC[C@H](C(=O)N2CCc3c(nc4cc(-c5ccccc5)[nH]n4c3=O)C2)C1,-10.72,549.657,PASS,
O=C(C1CN(c2nc3c(F)cccc3s2)C1)N1CCN(c2ncnc3c2nnn3Cc2ccccc2)CC1,-10.72,529.6050000000001,PASS,
C[C@H](NC(=O)c1ccc(N2CCN(C(=O)C3CC3)CC2)cc1)C(=O)N1CCN(c2ccccc2Cl)CC1,-10.71,524.0650000000002,PASS,
O=C(Nc1nccnc1C(=O)NC1CCN(C(=O)c2c(F)cccc2F)CC1)c1ccc(F)cc1F,-10.71,501.44000000000017,PASS,
CCOC(=O)N1CCN(c2cc(N3CCN4CCc5c(F)cccc5[C@H]4C3)nc(-c3cccnc3)n2)CC1,-10.7,517.6090000000002,PASS,
Cc1ccc(-n2nnnc2CNC(=O)[C@@H]2CCCN2S(=O)(=O)c2c(Cl)cccc2Cl)cc1C,-10.7,509.4190000000002,PASS,
CC(=O)NS(=O)(=O)c1ccc(Nc2cc(N3CC(=O)N4CCc5c(F)cccc5[C@H]4C3)nc(C)n2)cc1,-10.7,524.5780000000003,PASS,
O=C(C[C@@H]1CSc2nc3c(c(=O)n21)CCCC3)Nc1cc(N2CCN(c3ccccc3)CC2)ncn1,-10.7,503.63200000000023,PASS,
Cn1c(=O)c2[nH]c(-c3ccc(OCC(=O)N4CCN(c5ccccc5Cl)CC4)cc3)cc2n(C)c1=O,-10.7,507.9780000000002,PASS,
Cc1ccccc1N1C[C@H](C(=O)N2CCN(c3ncnc4c3nnn4-c3cccc(F)c3)CC2)CC1=O,-10.69,500.5380000000003,PASS,
CC(=O)N1CCCc2cc(S(=O)(=O)N3CCC(COc4ncc(Br)cn4)CC3)ccc21,-10.69,509.4260000000002,PASS,
COc1cccc(-n2nnc3c(N4CCN(C(=O)C[C@@H]5CSc6nc7c(c(=O)n65)CCCC7)CC4)ncnc32)c1,-10.69,559.6560000000004,PASS,
O=C([C@@H]1CCCN1S(=O)(=O)c1c(Cl)cccc1Cl)N1CCN(Cc2nnnn2-c2ccc(F)cc2)CC1,-10.69,568.4620000000001,PASS,
O=C(c1ccccc1S(=O)(=O)C(F)F)N1CCN(c2ncnc3c2nnn3-c2ccc(F)cc2)CC1,-10.69,517.4930000000002,PASS,
O=C(NCc1nc(N2CCCC2)nc(N2CCOCC2)n1)[C@@H]1CCCN1S(=O)(=O)c1c(Cl)cccc1Cl,-10.69,570.5030000000003,PASS,
Cc1cc(C)cc(N2C[C@@H](C(=O)N3CCN(C(=O)[C@H]4CC(=O)N(c5ccccc5F)C4)CC3)CC2=O)c1,-10.68,506.5780000000004,PASS,
COc1cccc(-n2nnc3c(N4CCN(C(=O)[C@H]5CCCN5S(=O)(=O)c5ccc(Cl)c(C(F)(F)F)c5)CC4)ncnc32)c1,-10.68,651.071,PASS,
O=C(C1CN(c2nc3c(F)cccc3s2)C1)N1CCN(c2ncnc3c2nnn3-c2cccc(F)c2)CC1,-10.67,533.5680000000001,PASS,
O=C(c1cccc(Cl)c1)N1CCN(c2nc(CN3CCN(c4ccccc4F)CC3)cc(=O)[nH]2)CC1,-10.67,511.0010000000003,PASS,
C[C@@H]1COc2c(N3CCN(C(=O)[C@H]4COc5ccccc5O4)CC3)c(F)cc3c(=O)c(C(=O)O)cn1c23,-10.67,509.4900000000003,PASS,
CC1(C)CC(N2C[C@H](C(=O)N3CCN(C(=O)[C@@H]4CC(=O)N(c5ccccc5F)C4)CC3)CC2=O)CC(C)(C)N1,-10.66,541.6680000000003,PASS,
Cc1ccc(S(=O)(=O)N2CCN(C(=O)C3CCN(S(=O)(=O)Cc4c(F)cccc4Cl)CC3)CC2)cc1,-10.66,558.0970000000001,PASS,
Cc1cccc(C(=O)N[C@@H](Cc2ccc(O)cc2)C(=O)N2CC(=O)N3CCc4c(F)cccc4[C@H]3C2)c1,-10.65,501.55800000000033,PASS,
CC1CCN(S(=O)(=O)c2ccc(C(=O)N3CC(n4nc(-c5cccc(F)c5)ccc4=O)C3)cc2)CC1,-10.65,510.59100000000024,PASS,
Cn1c(C(=O)N2CCN(c3ncccn3)CC2)cc2c(N3CCN(c4ccccc4F)CC3)ncnc21,-10.64,501.57000000000033,PASS,
C=CC(=O)N1CCN(c2nc(OC[C@H]3CCCN3C)nc3c2CCN(c2cc(O)cc4ccccc24)C3)CC1,-10.63,528.6570000000002,PASS,
Cn1cc(-c2cncc(N3CCN(C(=O)[C@@H]4CCCN4S(=O)(=O)c4c(Cl)cccc4Cl)CC3)n2)cn1,-10.63,550.4720000000001,PASS,
CC(=O)N1CCN(c2cc(N3CC(=O)N4CCc5c(F)cccc5[C@@H]4C3)nc(Cc3ccccc3)n2)CC1,-10.63,514.6050000000001,PASS,
Cc1ccc(-c2ccc(=O)n([C@H](C)C(=O)N3CCN(c4ncnc5c4nnn5-c4cccc(F)c4)CC3)n2)cc1,-10.63,539.5750000000002,PASS,
C[C@@H](C(=O)N1CCN(c2ccc(N3CCCC[C@H]3C)nn2)CC1)n1nc(-c2ccc(F)cc2)ccc1=O,-10.62,505.59800000000024,PASS,
Cc1nc2ncccc2c(=O)n1C1CN(C(=O)c2ccc(CNS(=O)(=O)c3cccc(F)c3)cc2)C1,-10.6,507.5470000000002,PASS,
O=C([C@@H]1CCCN1S(=O)(=O)c1c(Cl)cccc1Cl)N1CCN(c2ccnc(N3CCCC3)n2)CC1,-10.6,539.4890000000003,PASS,
O=C(C1CCN(S(=O)(=O)c2cccnc2)CC1)n1nc(-c2ccccc2)c2cc(F)c(F)cc2c1=O,-10.59,510.5220000000002,PASS,
CC(=O)N1CCCc2cc(S(=O)(=O)N3CCC[C@@H](C(=O)N4CCN(c5ccccc5F)CC4)C3)ccc21,-10.58,528.6500000000003,PASS,
CC(=O)N1CCN(c2cc(N3CCN4CCc5c(F)cccc5[C@H]4C3)nc(Cc3ccccc3)n2)CC1,-10.58,500.62200000000024,PASS,
Cc1nc(N2CCN(C(=O)[C@@H]3CCCN3S(=O)(=O)c3ccccc3F)CC2)cc(-n2cnc(C)c2C)n1,-10.57,527.6260000000002,PASS,
Cc1nc(N2CCC(NC(=O)OC(C)(C)C)CC2)cc(N2CC(=O)N3CCc4c(F)cccc4[C@@H]3C2)n1,-10.57,510.61400000000026,PASS,
Cc1cc(N2CCCC2)nc(N2CCN(C(=O)[C@@H]3CCCN3S(=O)(=O)c3ccccc3F)CC2)n1,-10.56,502.6160000000003,PASS,
Cc1nc(N2CCOCC2)cc(N2CCN(C(=O)[C@H]3CCCN(c4ccc(-c5ccccc5C)nn4)C3)CC2)n1,-10.56,542.6880000000001,PASS,
O=C1CN(C(=O)[C@@H]2CCCN2S(=O)(=O)c2c(Cl)cccc2Cl)CCN1Cc1cc(F)ccc1F,-10.56,532.3960000000002,PASS,
CCn1nnc2c(N3CCN(C(=O)[C@H]4CCCN4S(=O)(=O)c4c(Cl)cccc4Cl)CC3)ncnc21,-10.54,539.4490000000002,PASS,
Cc1ccc(OCC(=O)N2CCN(Cc3cc(=O)n4nc(-c5cccc(F)c5)sc4n3)CC2)cc1C,-10.54,507.59100000000024,PASS,
Cc1cc(C)n(-c2ccc(=O)n(CC3CN(C(=O)[C@@H]4CCCN4S(=O)(=O)c4c(Cl)cccc4Cl)C3)n2)n1,-10.54,565.4830000000001,PASS,
CN(C)S(=O)(=O)c1ccc(C(=O)Nc2cc(C(=O)N3CCN(c4ccccc4F)CC3)ccn2)cc1,-10.52,511.5790000000003,PASS,
Cc1nc2ncccc2c(=O)n1C1CN(C(=O)c2ccc(CNS(=O)(=O)c3ccccc3F)cc2)C1,-10.52,507.5470000000002,PASS,
COc1ccc(C(=O)N2CCN(c3nc(CN4CCN(c5ccccc5F)CC4)cc(=O)[nH]3)CC2)cc1,-10.52,506.5820000000003,PASS,
C[C@H]1COCCN1c1nc(N2CCOC[C@@H]2C)c2ccc(-c3cccc(C(=O)N4CCNCC4)c3)nc2n1,-10.51,517.6340000000002,PASS,
CC(C)(C)c1nc(N2CCN(C(=O)CCN3CCOCC3)CC2)cc(N2CCN(c3ccccc3Cl)CC2)n1,-10.51,556.1550000000001,PASS,
Cc1cccc(N2C[C@@H](C(=O)N3CCN(C(=O)[C@@H]4CC(=O)N(c5ccc(F)cc5)C4)CC3)CC2=O)c1C,-10.51,506.5780000000004,PASS,
O=C(Nc1nc(N2CCN(c3ccccc3Cl)CC2)nn1[C@H]1CCS(=O)(=O)C1)c1ccccc1F,-10.51,519.0020000000004,PASS,
Cc1ccc(C)c(N2C[C@@H](C(=O)N3CCN(C(=O)[C@H]4CC(=O)N(c5ccccc5F)C4)CC3)CC2=O)c1,-10.5,506.5780000000004,PASS,
Cc1noc(/C=C/c2ccccc2F)c1S(=O)(=O)N1CCC(C(=O)N2CCN(C(=O)c3ccco3)CC2)CC1,-10.5,556.6160000000001,PASS,
COc1ccc(N2C[C@H](C(=O)N3CCN(C(=O)[C@@H]4CC(=O)N(c5ccccc5F)C4)CC3)CC2=O)c(C)c1,-10.49,522.5770000000005,PASS,
Cc1ccc(Cl)cc1N1C[C@@H](C(=O)N2CCN(C(=O)[C@@H]3CC(=O)N(c4ccccc4F)C3)CC2)CC1=O,-10.48,526.9960000000003,PASS,
O=C([C@@H]1CCCN1S(=O)(=O)c1c(Cl)cccc1Cl)N1CCN(c2nccc(C(F)(F)F)n2)CC1,-10.48,538.379,PASS,
Cc1ccc(OCC(=O)N2CCN(Cc3cc(=O)n4nc(-c5ccccc5F)sc4n3)CC2)cc1C,-10.48,507.59100000000024,PASS,
CC1CCN(c2nc(N3CCN(C)CC3)nc3c2CN(S(=O)(=O)c2cccc(Cl)c2)CC3)CC1,-10.48,505.0880000000003,PASS,
Cc1nc(-c2csc(S(=O)(=O)N3CCC(C(=O)N4CCN(c5ccccc5F)CC4)CC3)c2)no1,-10.48,519.6240000000003,PASS,
CC(C)COc1cccc(C(=O)Nc2nc(N3CCc4ccccc4C3)nn2[C@H]2CCS(=O)(=O)C2)c1,-10.48,509.6320000000003,PASS,
C[C@@H]1COc2c(F)c(F)cc3c(=O)c(C(=O)N4CC[C@@H](N(C)c5ncc(Br)cn5)C4)cn1c23,-10.48,520.3340000000002,PASS,
CC(=O)N1CCCc2cc(S(=O)(=O)N3CCC[C@@H](C(=O)N4CCN(c5ccccn5)CC4)C3)ccc21,-10.48,511.64800000000037,PASS,
CCc1nc(N2CCN(c3ccccc3OC)CC2)cc(N2CC(=O)N3CCc4c(F)cccc4[C@@H]3C2)n1,-10.48,516.6210000000003,PASS,
C=CC(=O)N1CCN(S(=O)(=O)c2ccc(Nc3ncc4c(n3)N(C)c3ccc(C)cc3C(=O)N4C)cc2)CC1,-10.47,547.6410000000002,PASS,
O=S(=O)(c1cccc2ncccc12)N1CCC[C@H]1CCN1CCN(c2cccc3oc(O)nc23)CC1,-10.47,507.6160000000003,PASS,
CCN1CCN(c2cc(N=c3cc(C)[nH][nH]3)[nH]c(=N[C@H]3CCN(C(=O)c4cccc(Cl)c4F)C3)n2)CC1,-10.47,528.0360000000002,PASS,
O=C1C[C@@H](C(=O)N2CCN(C(=O)[C@@H]3CC(=O)N(c4ccccc4F)C3)CC2)CN1Cc1ccccc1Cl,-10.47,526.9960000000003,PASS,
Cc1c(C(=O)N2CCN(c3ccccc3F)CC2)sc2ncn(CC(=O)N3C[C@@H](C)C[C@H](C)C3)c(=O)c12,-10.47,525.6500000000003,PASS,
COc1ccc(Nc2cc(C)nc(N3CCN(C(=O)c4ccccc4S(=O)(=O)C(F)F)CC3)n2)cc1,-10.47,517.5580000000002,PASS,
C[C@H]1CN(c2c(NC(=O)c3ccc(F)c(-c4c(F)cccc4F)n3)cnc3c2CC[C@H]3O)C[C@@H](N)[C@@H]1O,-10.46,513.5200000000002,PASS,
C[C@H]1CCCCN1c1ccc(N2CCN(C(=O)[C@@H]3CC(=O)N(c4cccc(Br)c4)C3)CC2)nn1,-10.46,527.4670000000002,PASS,
Cc1cccc(-n2ncc3c(=O)n4c(nc32)S[C@H](CC(=O)N2CCN(c3nccc(C(F)(F)F)n3)CC2)C4)c1,-10.46,556.5740000000001,PASS,
Cc1cccc(NC(=O)CN2CCN(C(=O)C3CCN(S(=O)(=O)c4ccc(F)c(F)c4)CC3)CC2)c1C,-10.46,534.6290000000002,PASS,
Cc1ccc(N2C[C@@H](C(=O)N3CCN(C(=O)[C@H]4CC(=O)N(c5ccccc5F)C4)CC3)CC2=O)c(C)c1,-10.45,506.5780000000004,PASS,
Cc1ccc(C)c(N2C[C@H](C(=O)N3CCN(c4ncnc5c4nnn5-c4ccc(F)cc4)CC3)CC2=O)c1,-10.45,514.5650000000003,PASS,
Cc1ccccc1C(=O)Nc1nc(N2CCN(c3ccccc3Cl)CC2)nn1[C@@H]1CCS(=O)(=O)C1,-10.45,515.0390000000002,PASS,
Cc1ccnc(Nc2cc(N3CCN(C(=O)c4ccccc4S(=O)(=O)C(F)F)CC3)nc(C)n2)c1,-10.44,502.5470000000002,PASS,
C[C@H]1C[C@@H](C)CN(S(=O)(=O)c2ccc(C(=O)N3CCN(c4ncnc5c4nnn5-c4cccc(F)c4)CC3)cc2)C1,-10.44,578.6740000000001,PASS,
COCCc1nc(N2CCN(c3ccccc3Cl)CC2)cc(N(C(=O)[C@@H]2CCCN2)c2cc(C)on2)n1,-10.44,526.0410000000003,PASS,
Cc1ccnc(Nc2cc(N3CCN(C(=O)[C@@H]4CC(=O)N(c5cccc(Br)c5)C4)CC3)ncn2)c1,-10.44,536.4340000000002,PASS,
Cc1ccccc1-c1nc(N2CCN(CCO)CC2)cc(N2CC(=O)N3CC(C)(C)c4ccccc4[C@H]3C2)n1,-10.44,526.6850000000003,PASS,
CC[C@H](NC(=O)c1cc(S(=O)(=O)N2CCCCC2)ccc1Cl)C(=O)N1CC(=O)N2CCc3c(F)cccc3[C@H]2C1,-10.44,591.1050000000002,PASS,
Cc1ccc(S(=O)(=O)c2cnc(SCC(=O)N3CCN(c4ccccc4F)CC3)[nH]c2=O)cc1Cl,-10.43,537.0380000000002,PASS,
Cc1ccnc(NS(=O)(=O)c2ccc(NC(=O)C3CCN(C(=O)c4ccc(F)c(F)c4)CC3)cc2)n1,-10.43,515.5420000000003,PASS,
COCCc1nc(N2CCN(c3ccccn3)CC2)cc(N2CC(=O)N3CCc4c(F)cccc4[C@@H]3C2)n1,-10.43,517.6090000000004,PASS,
CCOc1ccc(-n2nnnc2CN2CCN(C(=O)[C@@H]3CCCN3S(=O)(=O)c3c(Cl)cccc3Cl)CC2)cc1,-10.42,594.5250000000002,PASS,
COc1cccc(-n2nnc3c(N4CCN(C(=O)c5ccccc5S(=O)(=O)C(F)F)CC4)ncnc32)c1,-10.42,529.5290000000001,PASS,
COc1ccc(-n2nc(C(=O)NCC(=O)N3CCN(c4ccccc4OC)CC3)c3ccccc3c2=O)cc1Cl,-10.42,562.0260000000003,PASS,
COc1ccc(N=c2[nH]c(N3CCN(c4ccccc4F)CC3)nc(=NC[C@@H]3CCCO3)[nH]2)cc1Cl,-10.42,514.0050000000003,PASS,
CC(=O)N1CCN(c2nc(NC(=O)[C@H]3CC(=O)N(Cc4ccccc4)C3)n(-c3cccc(Cl)c3)n2)CC1,-10.42,522.0090000000002,PASS,
CC(=O)N1CCN(C(=O)C2=C(N)Oc3c(c(C)nn3Cc3ccccc3F)[C@H]2c2cccc(C)c2)CC1,-10.42,503.57800000000026,PASS,
Cc1ccc(OCC(=O)N2CCN(C(=O)[C@H]3CC(=O)N(c4cccc(C(F)(F)F)c4)C3)CC2)cc1C,-10.42,503.52100000000024,PASS,
C[C@@H]1CN(c2c(Cl)cnc3cc(S(C)(=O)=O)ccc23)CC[C@@H]1C(=O)N1CCn2c(nnc2C(F)(F)F)C1,-10.42,556.9980000000004,PASS,
C[C@@H]1COc2c(F)c(F)cc3c(=O)c(C(=O)N4CC[C@H](Oc5ncc(Br)cn5)C4)cn1c23,-10.41,507.29100000000017,PASS,
O=C(C1CCN(S(=O)(=O)c2ccccc2F)CC1)N1CCN(S(=O)(=O)c2cccc(Br)c2)CC1,-10.41,574.4940000000001,PASS,
Cc1cccc(-n2ncc3c(=O)n4c(nc32)S[C@@H](CC(=O)N2CCN(c3ncnc5c3nnn5-c3cccc(F)c3)CC2)C4)c1,-11.11,623.6780000000002,REJECT,QED 0.26 < 0.3 (drug-likeness; Sotorasib and Adagrasib both sit at 0.36)
CN1CCN(Cc2ccc(-c3cnc(N4CCO[C@@H](Cn5nnc6ncc(-c7ccc(F)c(C#N)c7)nc65)C4)nc3)cc2F)CC1,-10.83,623.672,REJECT,AMES 0.70 > 0.6 (predicted mutagenic; worst control (BI-0474) is 0.49); ClinTox 0.87 > 0.85 (clinical-trial toxicity; worst control (Adagrasib) is 0.75); QED 0.27 < 0.3 (drug-likeness; Sotorasib and Adagrasib both sit at 0.36)
CC(=O)N1CCN(c2nc(=NC[C@H]3CCCO3)[nH]c(=Nc3cccc(OCc4ccccc4)c3)[nH]2)CC1,-10.51,503.60700000000026,REJECT,AMES 0.60 > 0.6 (predicted mutagenic; worst control (BI-0474) is 0.49)
